Date,PM2.5,PM10,CO,NO2,SO2,O3,Temperature,Humidity,AQI
2022-01-01,139.0,203.5,2.262,82.7,36.3,51.7,15.1,62.4,228.4
2022-01-02,117.7,172.9,2.689,94.0,34.6,52.9,24.2,46.5,212.5
2022-01-03,143.4,205.8,3.394,90.5,37.1,35.1,16.6,43.2,232.2
2022-01-04,135.4,215.9,2.64,100.9,34.0,51.3,12.6,36.5,254.1
2022-01-05,136.4,180.4,2.579,85.2,32.3,37.3,16.5,64.6,210.1
2022-01-06,130.8,198.0,2.323,87.1,33.3,41.4,18.5,51.6,210.1
2022-01-07,155.8,255.0,3.194,100.8,38.4,33.5,22.1,86.0,255.5
2022-01-08,150.9,217.6,2.828,96.7,24.8,19.6,15.4,46.5,235.2
2022-01-09,139.2,165.9,2.259,100.6,31.4,52.7,12.6,46.9,204.3
2022-01-10,147.9,213.3,2.901,103.7,45.5,60.2,19.9,50.1,229.6
2022-01-11,104.2,201.9,2.994,92.2,28.9,60.1,13.4,57.8,204.4
2022-01-12,109.8,174.8,2.395,76.3,27.0,66.2,16.3,50.4,204.4
2022-01-13,127.0,197.8,2.881,78.1,35.2,55.4,17.0,60.9,222.0
2022-01-14,101.2,151.6,1.63,78.7,26.8,40.9,17.7,44.6,168.2
2022-01-15,108.9,143.8,1.788,79.7,31.9,68.1,20.1,40.2,172.9
2022-01-16,113.9,191.5,2.565,98.4,24.0,22.8,16.1,35.8,201.9
2022-01-17,116.3,169.8,2.733,69.0,32.3,32.5,17.4,31.2,190.7
2022-01-18,126.8,207.8,2.793,86.8,36.5,29.5,18.3,47.9,223.9
2022-01-19,109.9,160.7,2.226,57.6,28.3,71.9,19.0,49.8,193.3
2022-01-20,94.3,156.1,2.168,67.6,28.8,69.8,18.9,46.1,180.7
2022-01-21,142.4,238.2,2.657,113.0,43.0,57.1,20.1,64.6,252.6
2022-01-22,112.7,183.7,2.706,78.5,35.9,70.9,21.4,64.1,210.4
2022-01-23,120.9,221.8,2.877,94.8,26.9,31.5,20.2,48.2,217.7
2022-01-24,118.8,156.3,2.029,69.9,31.2,58.0,20.6,33.3,180.4
2022-01-25,111.9,185.5,2.288,84.8,30.0,47.4,14.6,45.2,202.4
2022-01-26,157.6,210.9,2.705,73.7,33.2,66.0,19.6,44.6,218.8
2022-01-27,117.3,147.2,2.116,75.9,28.4,48.3,21.1,43.7,187.2
2022-01-28,137.1,176.4,2.685,54.3,33.1,41.0,22.0,43.0,225.4
2022-01-29,112.0,158.0,3.042,78.2,36.1,60.8,17.8,43.1,201.0
2022-01-30,132.2,206.8,2.43,63.9,30.9,67.1,18.1,45.5,208.7
2022-01-31,114.8,172.6,2.304,94.9,24.5,36.6,18.5,42.7,201.0
2022-02-01,158.6,274.4,2.953,114.3,37.4,45.7,22.0,50.9,262.3
2022-02-02,155.0,185.6,2.811,91.9,33.2,28.0,23.6,52.1,215.7
2022-02-03,112.8,173.4,2.22,,34.6,10.0,19.4,39.1,189.6
2022-02-04,153.4,236.0,2.644,83.2,38.5,52.2,23.6,60.7,236.6
2022-02-05,104.3,197.0,2.622,95.2,23.6,62.9,21.4,37.9,185.5
2022-02-06,132.4,230.0,3.081,99.7,45.6,54.2,20.8,31.2,221.2
2022-02-07,117.9,168.4,1.824,64.0,26.4,12.7,20.7,51.0,167.0
2022-02-08,103.4,179.9,1.634,86.7,33.8,43.8,23.7,38.7,182.8
2022-02-09,150.7,207.7,2.953,75.1,32.4,10.0,22.6,49.9,220.9
2022-02-10,147.8,222.7,2.608,83.9,37.8,75.7,28.6,22.3,234.5
2022-02-11,126.5,190.0,2.881,80.8,37.2,27.3,19.4,60.1,220.3
2022-02-12,134.2,179.5,1.966,78.9,38.1,74.5,23.7,52.6,213.1
2022-02-13,134.8,187.6,2.769,70.7,36.6,68.5,20.7,30.6,208.5
2022-02-14,113.6,158.6,1.785,86.3,31.2,33.0,19.8,30.6,179.0
2022-02-15,103.1,171.4,2.595,76.1,28.1,27.4,22.6,61.9,198.0
2022-02-16,115.4,194.5,2.458,86.0,27.8,56.8,23.2,37.6,204.5
2022-02-17,143.0,232.5,2.623,90.1,38.0,31.0,31.7,36.4,242.4
2022-02-18,134.0,203.5,2.573,68.0,38.4,50.8,22.6,21.8,224.6
2022-02-19,109.4,176.9,2.269,72.0,24.7,41.7,19.9,40.8,171.9
2022-02-20,136.2,184.6,2.721,66.7,38.9,13.2,24.3,41.8,224.1
2022-02-21,110.5,182.8,2.652,81.7,38.2,10.0,17.4,51.0,206.4
2022-02-22,123.2,168.4,2.982,63.2,25.3,54.6,23.5,29.7,199.1
2022-02-23,144.9,180.2,2.306,116.4,30.5,37.2,24.0,28.3,231.3
2022-02-24,150.7,216.4,3.386,107.6,35.6,36.8,26.5,47.8,241.8
2022-02-25,154.4,213.5,2.903,97.0,37.4,62.0,27.2,53.2,239.3
2022-02-26,125.4,198.2,2.071,93.2,26.6,73.7,23.0,27.2,195.0
2022-02-27,129.6,196.9,2.1,73.2,38.0,44.1,24.2,53.6,208.3
2022-02-28,133.9,186.5,2.635,96.2,35.8,42.0,22.5,42.9,224.3
2022-03-01,70.0,157.8,2.009,60.2,21.9,62.8,21.6,53.3,144.4
2022-03-02,69.1,115.5,1.258,46.4,9.0,27.5,26.1,41.5,108.0
2022-03-03,71.3,112.6,1.838,61.4,10.7,58.7,21.5,20.0,115.4
2022-03-04,58.1,79.7,0.673,45.7,15.3,66.4,24.3,40.4,92.3
2022-03-05,41.3,66.7,1.078,,2.9,69.1,22.7,52.4,90.1
2022-03-06,,120.7,1.308,36.3,26.1,14.2,27.5,32.7,140.3
2022-03-07,102.9,154.8,1.956,50.0,22.3,37.1,31.4,37.6,153.9
2022-03-08,70.5,134.6,1.684,45.8,33.9,36.5,22.3,39.6,118.2
2022-03-09,93.9,153.7,1.615,59.2,33.3,54.7,20.8,20.0,145.1
2022-03-10,77.7,108.8,0.767,38.1,18.4,63.2,26.2,57.9,129.0
2022-03-11,62.6,76.7,1.306,70.5,15.0,84.7,26.8,32.0,103.9
2022-03-12,86.8,118.2,1.679,69.8,24.3,43.6,27.5,46.0,129.0
2022-03-13,89.9,116.1,2.023,70.6,32.3,42.1,25.7,40.0,158.5
2022-03-14,72.4,112.0,1.8,48.5,9.7,77.0,26.6,53.3,119.1
2022-03-15,90.8,141.0,1.588,61.1,14.9,58.0,28.5,44.7,159.1
2022-03-16,28.4,42.1,0.858,10.4,5.1,82.6,30.7,38.2,54.5
2022-03-17,81.2,102.6,2.044,57.1,24.0,58.7,21.9,31.5,140.5
2022-03-18,75.5,117.7,0.933,52.0,20.8,30.7,26.8,48.4,122.2
2022-03-19,62.7,93.3,1.446,30.1,22.2,27.7,28.7,21.6,112.5
2022-03-20,85.9,92.5,1.316,52.9,12.3,22.9,25.5,46.7,122.3
2022-03-21,33.2,20.2,0.819,26.3,2.0,69.7,33.6,29.2,70.3
2022-03-22,66.8,102.6,1.478,22.9,21.5,78.0,26.6,52.7,114.5
2022-03-23,,142.6,1.401,41.2,15.2,90.5,28.6,41.7,128.9
2022-03-24,108.6,166.2,1.681,57.8,13.4,69.0,30.5,46.5,156.9
2022-03-25,66.2,89.5,1.295,65.5,16.8,77.9,27.2,40.9,107.0
2022-03-26,70.2,80.8,0.871,46.6,18.9,43.4,23.6,22.5,99.8
2022-03-27,49.6,103.7,0.964,27.0,15.5,31.5,28.0,31.4,107.5
2022-03-28,88.4,113.6,1.918,63.0,19.1,69.9,32.6,46.7,142.9
2022-03-29,85.8,119.9,1.194,32.7,18.4,61.9,28.6,41.7,128.2
2022-03-30,64.9,107.6,1.481,55.7,14.2,56.8,27.2,51.8,106.8
2022-03-31,90.4,138.0,1.733,47.5,13.2,61.1,32.7,44.0,132.8
2022-04-01,68.3,108.7,0.951,47.8,14.8,60.3,29.1,30.3,122.4
2022-04-02,100.6,126.7,1.527,73.6,24.2,78.5,28.7,32.1,144.2
2022-04-03,84.5,79.0,1.588,25.5,17.0,80.8,30.8,41.1,102.4
2022-04-04,63.5,88.2,1.047,28.0,17.6,65.3,32.8,20.0,111.8
2022-04-05,61.7,95.8,1.183,37.1,11.6,71.4,37.8,56.9,110.2
2022-04-06,,80.6,1.14,45.8,11.6,66.1,33.3,44.6,83.4
2022-04-07,92.2,128.4,1.764,32.7,8.2,44.4,34.4,52.5,127.4
2022-04-08,70.7,101.8,1.443,16.6,19.9,68.8,29.6,24.4,126.5
2022-04-09,67.9,130.5,1.262,,25.2,26.1,28.1,52.8,120.1
2022-04-10,65.7,98.7,1.796,52.3,9.7,75.4,31.5,62.7,114.1
2022-04-11,37.3,75.8,1.537,48.2,9.8,31.9,31.8,27.2,84.6
2022-04-12,56.5,87.3,1.607,38.2,18.1,60.2,28.4,48.2,109.5
2022-04-13,56.8,63.9,1.363,39.6,23.0,37.5,31.2,40.6,111.4
2022-04-14,52.3,103.2,0.957,53.8,12.8,66.1,33.1,25.2,99.9
2022-04-15,69.2,115.4,1.142,24.0,13.9,53.5,33.1,45.7,116.0
2022-04-16,80.4,112.9,1.718,,9.7,21.6,33.6,49.2,130.1
2022-04-17,115.8,151.4,2.131,69.1,25.6,60.1,33.1,35.0,167.2
2022-04-18,64.6,,1.913,55.1,28.9,42.2,30.8,52.7,124.4
2022-04-19,85.7,90.4,1.712,44.5,20.4,71.3,30.9,24.5,126.4
2022-04-20,68.7,98.4,0.967,47.7,17.6,54.1,29.0,26.4,118.1
2022-04-21,42.7,76.7,1.18,5.0,12.4,64.3,38.0,42.8,72.0
2022-04-22,78.4,88.6,1.133,39.8,17.8,34.9,32.8,41.8,119.3
2022-04-23,61.7,113.8,1.343,54.0,14.2,42.1,32.2,34.6,121.5
2022-04-24,112.8,143.1,2.254,60.8,31.4,41.7,30.2,50.0,181.6
2022-04-25,70.8,110.7,1.981,46.8,18.4,71.4,41.9,47.3,115.2
2022-04-26,81.4,,2.463,56.4,19.2,87.2,30.0,50.7,127.5
2022-04-27,74.4,83.0,1.612,,13.0,37.9,32.0,41.1,119.1
2022-04-28,79.0,99.2,1.034,38.4,20.1,77.0,34.7,48.5,90.8
2022-04-29,82.8,122.7,1.943,47.9,25.6,10.0,35.3,38.2,148.6
2022-04-30,78.0,,1.932,53.0,18.1,29.2,36.5,63.4,138.8
2022-05-01,77.6,128.8,1.581,63.2,26.0,33.8,39.1,34.9,139.8
2022-05-02,52.8,104.8,1.706,40.8,12.1,28.1,35.3,64.2,97.3
2022-05-03,86.7,124.3,1.93,55.0,19.4,20.6,30.7,43.7,155.1
2022-05-04,62.9,77.4,1.169,36.7,8.9,64.0,33.1,29.8,85.0
2022-05-05,95.0,127.6,1.816,62.4,11.3,49.0,34.9,57.5,134.7
2022-05-06,99.1,167.7,2.224,45.3,28.6,58.9,40.3,45.2,174.8
2022-05-07,48.8,88.4,1.395,52.0,5.1,69.0,29.9,52.7,95.2
2022-05-08,,89.8,1.085,38.3,9.7,60.0,37.8,56.6,105.8
2022-05-09,68.0,97.8,1.302,54.1,8.0,67.0,34.8,48.0,122.5
2022-05-10,70.8,98.0,0.959,57.3,15.7,53.2,36.9,38.9,107.4
2022-05-11,50.8,57.0,1.107,16.0,11.4,32.2,34.1,54.8,81.2
2022-05-12,57.9,65.7,1.694,,16.6,75.1,31.9,45.3,121.7
2022-05-13,71.5,90.6,1.259,33.9,8.8,43.5,36.8,52.4,93.4
2022-05-14,97.1,132.2,2.084,43.3,13.9,34.7,36.5,24.2,131.8
2022-05-15,52.1,51.9,1.162,59.6,,51.6,37.5,50.5,97.0
2022-05-16,91.4,127.7,2.106,53.2,21.1,33.8,34.6,39.9,158.7
2022-05-17,63.1,99.7,0.878,33.5,16.6,46.6,32.9,63.0,100.4
2022-05-18,70.5,131.6,1.227,47.2,12.4,61.3,30.1,53.0,111.9
2022-05-19,,126.6,1.893,41.7,22.0,59.9,37.2,49.4,140.3
2022-05-20,73.6,69.4,1.325,30.9,19.9,37.6,36.1,52.2,89.2
2022-05-21,73.6,110.4,1.42,,21.8,44.0,31.9,37.6,125.7
2022-05-22,83.6,158.0,1.811,57.1,20.8,73.9,33.3,64.1,152.7
2022-05-23,34.1,,0.502,30.8,,65.9,33.5,68.0,79.8
2022-05-24,67.5,100.2,1.388,43.5,17.5,95.3,30.5,52.3,124.6
2022-05-25,75.6,106.6,1.785,32.4,19.0,77.3,32.5,64.6,126.5
2022-05-26,101.7,111.3,1.847,59.7,19.3,75.9,31.6,43.3,139.5
2022-05-27,48.3,82.0,1.219,56.7,12.5,27.8,33.7,41.3,89.1
2022-05-28,54.4,102.7,1.059,35.0,14.1,70.9,32.8,49.9,87.0
2022-05-29,79.7,124.6,1.599,55.9,15.0,52.3,30.1,54.2,133.0
2022-05-30,88.3,110.9,1.331,59.3,14.0,42.6,41.1,46.2,127.4
2022-05-31,101.0,109.3,1.725,35.3,12.0,57.0,38.8,55.8,126.3
2022-06-01,50.3,59.9,1.238,57.5,5.9,74.3,32.7,53.8,92.7
2022-06-02,35.3,73.5,0.952,29.2,4.0,66.7,35.8,41.1,67.0
2022-06-03,64.3,79.7,0.92,55.5,14.3,37.9,36.2,56.5,89.8
2022-06-04,61.6,79.5,0.45,27.7,9.2,70.3,38.6,60.3,91.3
2022-06-05,58.2,107.4,1.123,48.3,12.5,43.9,32.5,53.7,66.1
2022-06-06,84.2,122.1,1.424,61.6,19.8,57.8,38.2,63.8,130.6
2022-06-07,53.9,75.0,0.891,45.0,4.5,49.1,33.3,40.4,95.8
2022-06-08,38.4,42.4,0.859,24.5,11.4,52.9,30.9,57.6,54.2
2022-06-09,71.3,107.6,1.087,37.2,19.1,70.3,37.1,41.5,100.4
2022-06-10,44.0,55.4,1.034,38.3,4.0,36.2,38.7,42.4,59.6
2022-06-11,67.3,71.7,1.429,43.2,17.7,93.7,42.6,47.6,103.7
2022-06-12,78.4,115.5,1.561,21.6,12.7,17.9,31.2,44.8,113.0
2022-06-13,49.8,47.1,0.352,12.0,10.0,44.9,36.9,49.1,63.5
2022-06-14,,,1.661,41.0,9.9,62.0,33.5,52.8,108.1
2022-06-15,63.1,101.1,1.21,41.4,5.2,67.0,37.0,63.6,94.3
2022-06-16,61.1,87.4,1.144,41.1,13.8,52.8,30.2,52.3,104.6
2022-06-17,80.3,137.5,1.62,67.2,19.1,52.3,30.8,40.0,131.4
2022-06-18,58.8,71.1,0.402,7.7,9.7,64.3,32.2,67.6,77.9
2022-06-19,30.9,71.4,0.904,27.8,3.9,52.1,34.7,48.2,65.2
2022-06-20,40.7,62.9,0.432,5.0,7.3,84.8,32.5,56.3,61.8
2022-06-21,34.2,44.5,0.357,34.6,10.9,73.6,36.3,61.7,63.6
2022-06-22,49.5,64.2,0.528,31.7,12.1,73.4,37.4,59.6,82.1
2022-06-23,68.3,98.7,1.444,42.0,14.8,36.1,36.0,68.9,92.5
2022-06-24,56.5,76.8,0.902,26.0,10.3,53.9,39.0,63.1,90.9
2022-06-25,63.3,88.2,1.716,57.2,21.6,48.8,35.4,50.0,104.7
2022-06-26,37.0,61.6,0.851,46.2,6.8,35.7,30.4,80.8,84.3
2022-06-27,79.7,114.7,0.932,55.1,20.5,61.2,38.0,61.3,120.3
2022-06-28,52.9,100.6,0.594,29.4,17.5,45.4,32.1,58.2,77.4
2022-06-29,112.8,120.8,2.195,67.8,25.2,65.5,36.5,69.6,152.0
2022-06-30,56.7,90.0,1.149,31.4,13.9,33.6,38.4,62.8,99.6
2022-07-01,39.7,77.5,0.586,35.3,6.7,91.3,35.0,64.7,62.6
2022-07-02,36.8,50.3,0.735,42.7,13.8,39.2,29.1,86.0,57.2
2022-07-03,,93.2,1.303,51.3,7.3,59.6,30.7,58.6,96.1
2022-07-04,46.1,54.6,1.276,22.6,6.9,71.9,37.3,58.5,78.4
2022-07-05,63.9,98.1,1.657,45.1,13.3,43.5,32.8,63.2,101.9
2022-07-06,63.6,83.4,1.042,22.8,,72.3,33.4,73.1,95.8
2022-07-07,51.2,88.7,0.588,39.7,14.2,31.3,35.3,47.7,82.2
2022-07-08,33.2,74.4,0.63,30.5,4.6,85.9,35.1,43.4,62.8
2022-07-09,,80.4,0.632,5.0,5.4,58.0,33.7,57.6,46.1
2022-07-10,54.4,74.2,0.585,15.2,7.9,44.4,32.1,47.4,72.8
2022-07-11,53.0,99.8,0.978,38.8,12.3,48.7,31.7,59.9,105.4
2022-07-12,54.9,83.3,1.175,32.1,18.3,71.7,35.1,69.5,89.4
2022-07-13,24.7,42.3,0.62,6.6,2.0,45.7,34.1,55.9,52.9
2022-07-14,64.9,84.6,1.07,40.0,21.3,40.6,31.5,50.8,88.3
2022-07-15,40.9,79.8,0.896,40.5,18.2,50.9,35.4,66.1,93.6
2022-07-16,31.6,58.2,0.674,22.4,14.7,33.4,31.7,74.4,61.9
2022-07-17,56.5,98.8,0.777,26.1,10.9,92.0,29.4,49.1,87.8
2022-07-18,66.9,61.8,1.293,46.8,12.1,44.4,29.5,74.6,85.5
2022-07-19,32.6,67.0,0.976,42.0,2.0,73.9,28.7,74.9,55.4
2022-07-20,50.2,103.4,0.561,31.4,11.3,59.5,30.7,76.6,92.9
2022-07-21,77.6,86.4,0.897,31.9,17.2,35.4,35.1,79.6,98.0
2022-07-22,52.2,68.1,0.884,50.3,23.1,54.3,28.9,89.7,111.1
2022-07-23,44.2,90.2,1.129,39.8,11.0,70.2,31.7,64.5,110.3
2022-07-24,34.1,64.1,0.57,18.2,5.6,53.8,29.0,69.4,49.6
2022-07-25,31.3,54.2,0.292,33.1,8.3,80.8,30.1,64.5,60.6
2022-07-26,47.9,,0.886,15.8,7.6,75.6,26.2,69.0,96.9
2022-07-27,65.2,79.6,0.861,54.6,17.5,73.5,29.9,84.6,96.8
2022-07-28,60.6,99.8,1.225,39.6,10.9,46.0,29.9,56.1,96.9
2022-07-29,102.6,170.5,2.185,67.2,26.1,29.4,31.9,61.3,180.3
2022-07-30,46.2,84.9,0.963,38.2,12.5,42.8,30.8,83.9,98.3
2022-07-31,76.2,95.6,1.402,44.5,12.9,58.3,26.4,80.7,112.4
2022-08-01,71.2,91.2,1.13,22.4,16.1,65.5,33.1,67.1,107.9
2022-08-02,59.2,76.4,1.122,,14.0,11.6,30.3,79.6,100.3
2022-08-03,64.1,92.7,1.415,,9.6,56.0,30.2,74.7,76.1
2022-08-04,51.1,87.8,1.638,46.5,11.8,58.0,29.4,86.6,103.0
2022-08-05,23.6,76.5,0.386,37.3,11.3,51.2,27.7,72.6,64.7
2022-08-06,39.9,93.1,1.186,19.0,,81.9,29.7,82.4,78.1
2022-08-07,42.7,79.7,1.106,34.4,11.5,64.8,30.4,98.9,71.9
2022-08-08,54.1,71.0,0.688,,17.9,81.9,23.5,78.7,86.0
2022-08-09,82.7,133.7,1.948,66.9,14.3,48.6,27.0,73.5,141.9
2022-08-10,25.9,33.2,0.909,,6.4,76.9,27.7,80.5,37.3
2022-08-11,48.2,77.5,0.877,39.3,9.7,87.6,29.1,69.8,101.2
2022-08-12,40.6,44.2,0.249,10.2,2.0,84.0,31.7,97.6,43.7
2022-08-13,42.5,47.3,1.172,34.1,7.1,34.5,25.7,75.8,72.2
2022-08-14,77.9,117.9,1.416,50.1,22.6,49.4,26.3,71.5,111.2
2022-08-15,54.8,70.1,1.193,25.8,17.6,48.8,26.1,66.1,85.6
2022-08-16,38.8,54.4,0.787,14.3,9.8,66.9,25.1,85.7,57.1
2022-08-17,45.4,63.8,0.911,,2.3,70.4,26.3,83.6,66.1
2022-08-18,65.1,87.0,0.814,29.6,14.2,38.2,29.4,70.2,101.0
2022-08-19,45.9,68.0,1.103,36.4,11.4,58.1,23.8,81.2,65.7
2022-08-20,66.9,73.3,1.424,31.3,14.3,15.1,28.1,60.5,89.4
2022-08-21,53.0,89.7,0.953,5.0,3.6,84.6,21.5,77.7,85.1
2022-08-22,47.7,40.7,0.799,22.6,5.7,46.4,24.8,80.6,67.7
2022-08-23,81.7,125.7,1.192,42.6,20.3,54.2,25.3,93.3,137.6
2022-08-24,74.3,118.9,1.352,20.4,17.7,48.8,31.1,68.7,99.8
2022-08-25,13.3,15.0,0.572,5.0,2.0,81.3,25.1,63.8,33.4
2022-08-26,71.2,69.6,1.045,36.8,12.5,10.0,19.2,67.9,88.7
2022-08-27,40.1,68.4,1.147,42.9,10.8,56.3,19.6,63.6,67.5
2022-08-28,48.9,97.5,1.164,45.9,20.0,52.6,25.5,90.5,105.3
2022-08-29,39.8,63.0,0.94,18.4,13.1,47.7,27.1,92.8,64.2
2022-08-30,41.9,80.4,0.668,37.9,15.1,90.5,26.2,80.7,81.1
2022-08-31,66.4,96.5,1.152,33.1,10.5,37.4,25.4,89.9,96.6
2022-09-01,56.9,111.7,1.215,33.9,,70.2,28.2,79.2,105.6
2022-09-02,27.9,54.7,0.716,7.7,6.1,64.4,23.0,77.0,54.0
2022-09-03,26.5,64.5,0.797,,16.4,81.4,27.1,74.8,75.6
2022-09-04,38.8,75.0,0.826,24.2,17.8,43.0,19.3,75.2,72.1
2022-09-05,16.4,89.4,1.06,29.0,13.7,42.0,21.3,62.9,67.7
2022-09-06,61.0,113.3,1.407,50.1,21.4,75.5,18.5,81.2,128.1
2022-09-07,,70.1,0.648,32.7,16.0,63.8,22.9,78.3,94.1
2022-09-08,39.3,63.8,1.155,9.6,5.1,26.5,23.4,86.3,52.5
2022-09-09,68.4,94.4,1.698,50.1,15.4,43.9,23.7,79.8,106.9
2022-09-10,72.6,90.8,1.257,39.0,28.9,60.9,23.4,77.4,137.1
2022-09-11,65.4,111.5,1.525,53.2,11.8,71.3,20.3,70.4,109.8
2022-09-12,27.6,33.4,0.401,6.4,15.0,44.1,22.3,79.9,46.0
2022-09-13,31.6,63.3,0.942,19.7,,10.0,18.2,86.7,71.9
2022-09-14,84.4,109.1,1.476,28.7,24.0,64.7,26.6,68.0,115.7
2022-09-15,48.6,62.5,0.725,20.5,2.9,32.3,21.5,80.4,66.3
2022-09-16,54.8,96.2,0.906,49.7,17.2,14.9,20.7,81.9,95.1
2022-09-17,62.3,86.5,1.033,47.5,11.8,10.0,26.8,72.4,103.4
2022-09-18,38.6,62.4,0.455,36.1,2.0,73.2,18.1,73.8,60.8
2022-09-19,29.1,70.4,0.741,39.3,13.5,58.4,18.3,82.1,82.5
2022-09-20,5.0,20.1,0.1,5.0,6.5,55.0,18.3,68.5,10.0
2022-09-21,28.2,61.8,0.486,19.4,4.5,84.9,21.2,83.3,58.4
2022-09-22,36.6,55.9,1.137,21.7,4.2,68.9,22.5,70.9,77.7
2022-09-23,28.9,63.8,1.08,37.1,7.5,89.7,23.3,90.5,52.8
2022-09-24,92.9,104.3,1.324,35.6,18.3,25.9,28.6,100.0,124.8
2022-09-25,35.4,55.5,0.651,30.0,10.0,56.9,14.0,71.4,48.2
2022-09-26,38.1,71.2,1.026,39.9,15.7,24.0,22.4,85.3,73.0
2022-09-27,58.1,106.1,1.189,56.9,12.8,51.0,18.8,72.7,87.3
2022-09-28,86.0,104.7,1.463,43.1,27.3,49.0,18.5,90.4,120.0
2022-09-29,38.1,38.1,0.8,27.8,8.3,70.1,18.3,67.3,48.1
2022-09-30,68.4,101.5,1.502,72.6,15.2,55.3,17.3,84.8,113.1
2022-10-01,65.7,103.7,1.072,40.7,10.0,66.5,24.9,71.2,120.3
2022-10-02,64.3,97.9,1.406,19.8,13.0,69.3,22.2,77.9,95.5
2022-10-03,82.9,94.2,1.845,30.1,18.1,96.5,19.6,69.6,131.6
2022-10-04,,96.7,1.271,58.5,23.5,47.4,23.5,88.1,125.0
2022-10-05,69.3,78.5,1.271,19.4,18.1,35.9,14.7,71.5,105.0
2022-10-06,83.5,123.8,1.666,44.2,12.4,58.8,15.1,85.3,121.7
2022-10-07,60.9,125.0,1.262,49.4,17.4,38.4,12.4,76.3,110.4
2022-10-08,86.9,109.0,1.796,51.4,21.8,83.5,16.7,78.6,122.8
2022-10-09,83.9,120.4,2.348,59.7,28.1,47.5,19.2,81.1,136.6
2022-10-10,,144.7,1.68,66.5,28.4,40.7,18.9,72.0,159.7
2022-10-11,46.5,97.6,0.654,51.0,17.2,46.1,18.9,81.6,89.1
2022-10-12,121.4,142.1,2.171,57.9,26.3,65.7,14.1,94.7,173.3
2022-10-13,44.7,67.7,1.071,20.4,12.6,53.3,20.6,71.6,71.2
2022-10-14,63.2,119.2,1.325,37.2,23.7,41.4,18.8,91.0,116.2
2022-10-15,76.0,128.8,2.052,63.8,13.5,86.6,20.1,94.2,134.7
2022-10-16,73.0,117.2,1.123,61.6,17.3,36.5,12.1,70.9,127.0
2022-10-17,66.9,109.0,1.461,47.2,11.8,55.5,18.6,64.4,104.4
2022-10-18,74.1,62.8,1.196,60.1,19.1,67.3,14.0,81.9,114.8
2022-10-19,58.9,107.1,1.808,28.9,22.3,22.0,16.3,73.3,107.7
2022-10-20,62.9,84.9,1.861,62.1,12.8,64.3,19.0,97.3,105.3
2022-10-21,106.2,99.7,1.465,74.8,9.2,31.8,17.5,78.8,141.2
2022-10-22,94.6,123.7,1.382,60.4,,70.0,14.6,70.3,128.9
2022-10-23,66.0,113.0,1.49,62.5,20.0,35.6,17.1,66.7,102.7
2022-10-24,85.9,126.2,1.594,37.1,24.1,66.7,12.3,89.0,142.5
2022-10-25,77.8,129.2,1.519,44.8,21.3,75.7,20.3,72.2,127.7
2022-10-26,90.3,150.5,1.691,47.3,19.6,70.2,16.1,78.2,140.3
2022-10-27,71.2,141.9,1.053,63.0,14.0,58.2,20.0,87.2,135.7
2022-10-28,57.0,113.9,1.187,27.1,17.5,50.4,15.0,72.6,99.3
2022-10-29,46.9,106.5,1.065,51.5,11.7,43.2,14.9,76.8,106.0
2022-10-30,87.2,125.9,1.516,71.9,31.7,82.5,14.1,76.9,138.7
2022-10-31,87.6,97.7,2.056,62.4,23.1,39.2,18.9,83.7,135.3
2022-11-01,124.5,190.2,2.209,89.6,29.4,28.5,14.1,82.6,215.5
2022-11-02,147.1,184.4,2.871,75.7,29.8,62.4,18.1,74.3,218.9
2022-11-03,136.5,255.7,2.892,89.0,36.7,31.7,14.9,77.0,247.9
2022-11-04,106.1,178.5,2.331,95.5,29.0,30.9,10.0,72.4,201.2
2022-11-05,140.1,,2.993,101.2,40.0,19.6,14.2,61.1,229.7
2022-11-06,137.0,198.1,2.633,83.9,32.6,39.8,12.3,78.3,210.9
2022-11-07,143.2,190.2,2.698,79.2,27.9,47.8,15.9,94.4,210.6
2022-11-08,141.5,244.5,3.212,73.1,46.0,52.7,12.1,66.4,243.5
2022-11-09,152.8,203.6,2.74,81.8,35.7,67.2,18.4,67.3,236.6
2022-11-10,141.4,215.6,2.652,117.5,39.3,58.7,15.3,66.1,236.3
2022-11-11,147.5,212.6,2.658,84.1,34.3,43.8,15.0,81.8,248.6
2022-11-12,138.8,175.1,2.351,88.9,34.3,45.2,17.4,78.8,216.5
2022-11-13,146.4,200.6,3.681,105.3,36.5,58.6,18.3,72.5,233.0
2022-11-14,109.2,186.9,2.872,68.2,21.8,75.0,15.3,64.7,208.2
2022-11-15,149.2,195.3,2.284,,43.7,51.3,13.0,74.5,224.1
2022-11-16,141.4,181.1,2.156,96.4,38.4,40.0,10.0,57.7,212.7
2022-11-17,124.8,175.5,2.766,87.5,30.8,29.2,13.2,74.5,218.4
2022-11-18,142.5,206.5,2.935,126.8,29.1,19.6,13.4,81.6,230.9
2022-11-19,122.3,153.4,2.511,58.2,31.1,63.5,15.5,60.1,195.5
2022-11-20,163.6,,3.143,120.0,40.7,58.1,14.1,57.0,268.3
2022-11-21,109.0,,2.253,74.3,30.4,62.0,17.2,87.8,190.8
2022-11-22,104.7,145.2,2.326,83.5,28.8,48.1,13.2,65.6,185.6
2022-11-23,146.7,215.8,2.965,103.3,39.3,75.9,14.9,82.8,245.0
2022-11-24,153.2,,2.164,85.5,42.6,38.5,18.6,69.7,235.8
2022-11-25,144.4,213.2,2.71,95.4,37.6,67.5,16.1,69.3,231.6
2022-11-26,135.3,228.6,2.525,70.4,29.5,47.6,14.8,75.0,231.7
2022-11-27,137.1,166.0,2.641,93.5,39.2,37.0,13.2,61.5,215.7
2022-11-28,87.7,175.9,3.218,81.0,37.2,62.2,13.1,71.3,193.6
2022-11-29,142.2,193.7,2.725,94.8,48.4,57.3,12.4,65.9,217.9
2022-11-30,102.0,189.2,2.295,,24.2,57.2,13.4,56.2,199.1
2022-12-01,140.6,219.5,3.161,100.6,37.3,49.6,17.3,72.5,240.4
2022-12-02,116.2,179.8,2.693,86.7,21.4,48.6,14.3,66.2,212.3
2022-12-03,104.3,171.0,2.47,67.6,32.1,98.0,11.0,66.9,195.4
2022-12-04,136.4,175.2,2.678,74.6,28.5,73.3,20.3,56.1,208.0
2022-12-05,,219.8,3.333,104.8,43.6,63.1,16.0,83.8,226.3
2022-12-06,124.6,182.0,2.084,98.0,26.4,52.1,10.8,76.3,201.9
2022-12-07,116.8,204.4,2.487,75.3,20.9,70.4,13.8,76.9,195.4
2022-12-08,138.0,199.0,2.387,89.4,31.0,59.3,15.4,63.9,222.1
2022-12-09,134.0,189.3,2.832,78.0,23.4,49.4,20.2,49.3,222.1
2022-12-10,109.2,160.3,2.164,95.4,34.3,43.8,11.8,85.8,203.3
2022-12-11,132.5,156.8,2.325,89.7,20.3,48.2,18.1,65.3,204.2
2022-12-12,128.1,175.9,2.573,112.0,33.4,10.0,19.4,58.1,221.8
2022-12-13,92.3,165.8,2.45,61.4,16.6,55.2,13.4,69.4,179.8
2022-12-14,104.2,170.4,2.445,67.8,25.5,41.2,14.5,76.6,180.8
2022-12-15,133.8,154.5,2.003,82.0,37.9,82.0,12.2,64.4,198.0
2022-12-16,134.9,203.0,2.544,92.0,33.4,49.9,14.8,77.1,210.7
2022-12-17,130.8,194.1,2.472,86.9,29.2,25.0,15.3,74.8,223.8
2022-12-18,,229.8,2.657,90.7,37.8,46.4,17.5,52.8,252.9
2022-12-19,139.2,237.9,2.784,105.6,35.7,27.2,18.8,56.5,237.4
2022-12-20,148.0,204.3,2.451,93.5,34.2,58.9,13.4,72.5,212.0
2022-12-21,133.1,189.9,3.314,75.2,25.5,55.0,9.8,35.4,215.5
2022-12-22,118.9,158.5,2.421,92.6,31.6,69.6,15.7,60.7,190.9
2022-12-23,139.6,161.7,2.173,100.3,18.8,33.4,16.7,47.6,215.5
2022-12-24,127.7,177.1,2.336,85.1,28.2,50.2,16.6,56.8,208.8
2022-12-25,131.9,198.5,2.995,90.6,31.2,21.5,14.9,58.2,224.1
2022-12-26,115.2,161.0,2.97,84.8,32.5,64.3,16.4,57.3,195.3
2022-12-27,136.7,204.1,2.272,81.3,34.5,58.9,20.6,55.0,229.0
2022-12-28,152.2,230.0,2.488,102.1,31.1,57.2,17.3,49.2,254.3
2022-12-29,135.2,188.6,3.121,59.5,27.1,49.4,15.1,82.7,213.3
2022-12-30,136.1,193.7,2.829,100.9,34.9,57.0,14.8,78.2,226.0
2022-12-31,147.3,212.5,2.539,74.6,34.6,80.4,15.9,47.5,233.3
2023-01-01,122.8,192.0,2.632,100.4,28.0,44.0,21.4,74.6,206.0
2023-01-02,133.7,,1.869,84.7,30.8,51.7,16.0,54.5,221.6
2023-01-03,109.8,215.8,2.597,84.0,35.9,27.5,16.6,59.4,216.3
2023-01-04,140.2,195.1,2.72,79.8,30.2,31.7,15.3,57.1,218.4
2023-01-05,121.5,177.3,2.637,75.2,29.1,52.1,20.2,50.8,196.7
2023-01-06,139.9,205.6,2.295,103.7,43.3,71.2,22.9,66.9,216.6
2023-01-07,108.1,209.1,2.767,61.5,27.1,43.5,18.4,58.0,228.4
2023-01-08,172.3,241.3,2.75,116.2,28.6,42.7,17.4,51.6,252.3
2023-01-09,142.6,220.3,2.956,100.0,39.9,39.9,17.4,43.0,240.0
2023-01-10,173.0,233.7,2.969,93.4,37.1,35.8,10.3,46.8,269.8
2023-01-11,107.7,182.6,2.239,65.8,27.9,56.1,19.8,39.0,196.8
2023-01-12,148.8,196.9,2.555,115.2,31.8,18.2,18.0,55.2,237.8
2023-01-13,121.8,200.2,2.842,76.9,31.8,74.6,19.0,42.8,220.6
2023-01-14,156.2,243.2,3.506,94.5,,33.2,15.7,51.7,270.7
2023-01-15,136.6,173.1,2.279,92.0,33.4,64.6,16.9,67.8,195.8
2023-01-16,115.1,173.6,2.352,82.1,33.6,24.8,16.9,65.7,195.0
2023-01-17,122.8,152.7,1.978,69.2,23.1,63.3,21.3,53.1,201.0
2023-01-18,106.4,138.4,1.865,67.8,18.7,65.3,17.2,52.2,162.9
2023-01-19,126.7,184.0,2.419,68.8,16.2,57.5,24.8,71.6,202.9
2023-01-20,119.7,179.7,3.15,92.0,25.5,30.3,19.9,57.7,197.0
2023-01-21,135.5,182.4,2.304,100.6,37.7,54.0,15.0,48.9,219.8
2023-01-22,158.8,221.1,3.134,96.2,36.3,25.1,18.5,37.6,224.5
2023-01-23,157.2,223.6,3.454,109.5,38.3,41.8,17.1,55.4,262.9
2023-01-24,145.9,230.3,2.961,117.0,35.9,68.6,12.6,59.5,239.8
2023-01-25,131.5,,2.947,80.6,26.8,65.9,24.1,44.6,201.6
2023-01-26,127.2,164.5,2.434,,30.1,50.6,21.6,53.5,193.5
2023-01-27,148.8,232.1,2.856,96.7,,29.1,21.2,46.6,228.3
2023-01-28,116.2,146.8,2.18,98.2,19.4,63.8,20.3,48.1,183.0
2023-01-29,145.6,249.4,3.509,92.5,40.8,47.3,15.8,24.8,261.8
2023-01-30,163.6,235.9,3.275,93.9,41.5,10.0,18.6,47.2,245.5
2023-01-31,111.1,173.8,2.264,86.7,28.6,65.4,22.7,58.8,204.3
2023-02-01,106.9,176.7,1.682,68.6,29.5,50.9,17.2,42.5,173.2
2023-02-02,142.4,221.1,2.937,88.2,51.6,71.6,12.9,49.0,249.8
2023-02-03,127.2,196.2,2.318,98.7,31.4,27.4,20.0,40.7,213.1
2023-02-04,151.5,226.2,2.944,126.6,39.0,10.0,20.4,51.6,246.9
2023-02-05,108.9,156.5,2.485,72.8,22.7,56.8,21.4,45.5,176.1
2023-02-06,124.8,193.1,2.275,69.6,31.1,55.8,23.3,38.0,201.0
2023-02-07,145.8,206.4,2.581,67.9,34.7,15.4,23.2,60.5,216.1
2023-02-08,134.8,169.2,2.624,90.0,33.6,29.6,22.2,56.2,217.2
2023-02-09,120.4,203.8,2.712,95.1,25.6,104.9,25.2,40.6,204.7
2023-02-10,148.6,183.5,2.105,98.3,35.8,42.3,17.2,51.4,231.6
2023-02-11,125.5,185.9,2.09,,,65.2,23.5,51.5,189.3
2023-02-12,115.2,208.1,2.613,77.9,,36.4,24.0,52.3,212.4
2023-02-13,137.4,180.7,2.988,74.5,37.7,10.0,18.6,28.7,219.0
2023-02-14,144.3,199.8,2.599,101.6,33.1,45.2,17.9,55.5,228.9
2023-02-15,137.3,193.8,2.243,104.5,38.8,43.0,20.4,39.5,233.8
2023-02-16,126.5,165.9,2.441,56.6,29.6,42.6,20.8,41.4,187.9
2023-02-17,105.1,155.3,1.941,90.1,21.9,48.8,25.2,71.1,177.6
2023-02-18,150.0,234.8,2.618,106.1,38.8,52.9,21.3,47.5,247.9
2023-02-19,132.9,,2.504,106.5,28.7,45.8,20.7,40.4,224.3
2023-02-20,118.5,198.5,2.312,62.8,26.4,24.9,21.6,22.0,197.3
2023-02-21,141.9,220.9,2.876,85.5,39.2,57.0,27.0,57.8,254.8
2023-02-22,116.9,193.9,1.965,85.8,34.3,10.1,23.8,30.2,218.9
2023-02-23,,195.7,3.215,104.2,30.9,10.0,23.4,33.4,245.5
2023-02-24,122.1,183.8,2.995,108.6,37.9,63.9,23.8,40.0,217.7
2023-02-25,150.6,255.2,3.406,115.5,43.0,56.8,28.2,57.3,267.5
2023-02-26,134.4,258.1,2.777,101.0,35.5,45.9,22.2,50.6,259.9
2023-02-27,119.5,170.3,2.457,,23.8,21.6,28.6,41.2,209.8
2023-02-28,130.9,207.4,2.882,110.9,35.3,33.8,25.5,45.6,240.3
2023-03-01,98.1,122.1,1.813,42.9,18.2,47.9,24.5,36.4,136.1
2023-03-02,102.6,143.0,2.051,81.2,23.7,20.4,32.7,43.6,154.2
2023-03-03,50.6,74.1,0.93,34.9,12.6,40.4,22.2,42.8,95.9
2023-03-04,104.8,129.8,1.67,73.9,10.5,66.2,24.5,51.6,137.2
2023-03-05,97.7,124.7,1.895,66.7,20.0,81.2,22.0,51.5,146.5
2023-03-06,42.4,68.2,1.349,28.8,9.9,47.8,28.7,46.6,76.0
2023-03-07,29.3,89.6,1.296,29.9,16.7,70.6,31.1,37.9,90.4
2023-03-08,64.3,62.2,1.065,23.5,6.9,18.3,31.2,48.8,69.0
2023-03-09,54.1,95.4,1.384,50.4,25.4,67.5,30.0,40.3,113.3
2023-03-10,66.3,122.5,2.078,56.1,11.1,37.0,26.0,30.3,137.9
2023-03-11,104.8,140.5,2.014,55.9,30.2,58.3,25.6,37.0,157.6
2023-03-12,97.5,104.1,1.204,46.8,17.2,49.0,21.9,41.8,121.9
2023-03-13,110.3,140.8,2.35,65.2,28.4,78.4,33.2,49.9,160.7
2023-03-14,56.9,100.9,1.235,8.7,13.2,38.2,28.6,38.9,85.5
2023-03-15,52.4,78.1,0.796,36.5,17.3,68.7,25.9,28.5,77.4
2023-03-16,79.7,102.3,1.279,35.7,15.9,48.5,31.5,41.1,118.6
2023-03-17,85.4,127.1,1.644,38.0,13.9,50.4,24.8,41.6,129.6
2023-03-18,74.3,102.3,1.569,27.4,25.0,50.4,29.1,42.3,119.2
2023-03-19,42.0,79.1,0.879,5.8,9.7,39.7,27.5,49.5,68.3
2023-03-20,70.0,111.5,1.507,30.8,18.8,53.8,30.1,50.5,117.8
2023-03-21,44.9,77.0,1.559,26.4,19.3,54.4,28.2,34.3,87.4
2023-03-22,79.2,129.8,1.962,78.1,15.4,58.0,24.2,34.0,136.7
2023-03-23,60.6,92.7,1.607,45.4,22.4,55.2,28.9,29.7,129.2
2023-03-24,56.9,70.0,1.44,,11.5,71.1,32.0,47.1,96.5
2023-03-25,54.4,78.5,0.976,47.7,15.4,73.1,28.9,54.6,107.2
2023-03-26,45.1,86.3,1.242,39.0,14.4,34.3,31.5,36.9,93.5
2023-03-27,72.9,132.6,1.964,46.4,10.3,71.5,26.2,37.6,118.4
2023-03-28,100.2,163.0,1.661,43.2,17.7,29.1,29.4,54.7,143.9
2023-03-29,66.4,95.4,0.89,55.6,21.1,67.0,27.8,45.1,95.4
2023-03-30,63.9,126.9,1.396,,24.3,65.8,32.0,44.4,132.6
2023-03-31,54.1,69.1,0.954,22.5,15.7,16.4,30.0,28.1,106.7
2023-04-01,69.5,82.0,0.967,27.8,16.2,56.9,32.2,46.8,100.2
2023-04-02,60.6,93.8,1.297,43.6,16.1,44.8,33.5,30.7,117.3
2023-04-03,54.2,75.4,0.708,26.1,20.9,40.1,32.5,28.7,94.1
2023-04-04,69.2,93.0,1.279,48.5,14.9,81.7,31.3,36.6,106.2
2023-04-05,44.3,74.0,1.351,27.3,14.7,42.4,27.7,34.3,90.1
2023-04-06,102.5,122.5,1.757,93.6,31.1,35.4,30.8,37.9,169.1
2023-04-07,59.2,120.0,1.906,62.6,14.2,55.5,29.3,25.8,120.9
2023-04-08,55.5,76.2,1.383,43.6,23.2,68.6,30.1,49.8,102.5
2023-04-09,78.4,116.4,1.813,62.5,11.2,50.9,30.1,51.6,125.3
2023-04-10,54.4,136.6,1.209,60.1,25.7,77.5,28.4,20.9,117.2
2023-04-11,73.1,89.2,1.63,39.0,15.3,64.9,25.6,50.2,114.5
2023-04-12,81.0,83.9,1.297,44.3,19.1,10.0,29.6,32.4,135.4
2023-04-13,88.9,120.8,1.934,56.5,11.4,42.5,32.3,49.2,138.9
2023-04-14,66.3,112.6,1.332,53.0,13.7,43.4,27.8,40.0,106.7
2023-04-15,77.0,124.4,1.433,43.9,10.6,64.3,32.0,41.1,105.6
2023-04-16,69.1,83.4,1.005,26.3,13.9,10.0,37.8,39.0,113.1
2023-04-17,33.2,63.7,0.481,15.3,8.7,107.9,35.3,53.1,62.5
2023-04-18,50.5,66.9,1.165,32.0,17.1,66.5,37.3,28.7,82.1
2023-04-19,97.9,137.2,1.566,60.8,24.2,55.3,33.6,47.3,154.2
2023-04-20,97.2,184.7,2.072,88.1,25.7,75.6,36.1,52.3,161.1
2023-04-21,68.7,79.9,0.955,28.9,11.6,101.2,30.5,48.6,113.8
2023-04-22,73.6,124.8,1.867,59.8,15.8,70.7,30.9,64.8,134.4
2023-04-23,70.0,122.0,1.164,69.0,28.2,72.6,24.7,36.4,127.8
2023-04-24,104.2,193.6,2.529,106.0,25.9,52.8,36.6,51.4,197.0
2023-04-25,106.3,134.7,1.964,54.3,30.5,49.8,37.7,40.9,148.0
2023-04-26,57.6,109.7,1.193,52.6,16.3,44.6,31.6,54.5,116.8
2023-04-27,50.7,80.6,1.328,45.3,14.4,38.7,32.5,42.2,96.1
2023-04-28,40.7,75.9,1.036,34.3,17.3,42.3,31.1,38.6,79.8
2023-04-29,84.0,107.4,1.339,48.8,25.1,26.7,34.6,55.7,125.1
2023-04-30,57.7,100.3,0.911,45.7,14.6,53.4,37.0,37.9,101.1
2023-05-01,63.1,70.5,0.425,5.0,10.7,22.1,28.4,28.9,84.4
2023-05-02,55.6,99.1,1.351,49.7,15.3,58.6,35.0,38.0,103.8
2023-05-03,58.6,83.2,0.646,38.7,15.6,54.6,33.0,49.6,93.0
2023-05-04,89.0,162.9,1.975,62.2,28.8,54.8,34.3,57.5,162.2
2023-05-05,106.7,127.1,1.625,,21.3,42.5,35.4,44.9,142.0
2023-05-06,60.0,81.2,1.641,39.8,21.1,115.5,33.5,57.2,119.8
2023-05-07,97.3,160.2,1.793,58.0,31.7,79.4,33.8,30.6,157.0
2023-05-08,79.5,96.2,1.364,72.7,20.2,29.0,33.6,40.0,121.9
2023-05-09,63.2,78.8,1.401,29.4,16.3,59.7,37.2,41.7,98.5
2023-05-10,93.0,133.3,1.997,56.6,16.1,39.9,35.6,43.7,158.1
2023-05-11,78.8,140.7,1.697,51.6,6.9,33.0,35.1,45.9,133.5
2023-05-12,56.9,52.6,1.27,47.7,16.1,28.5,30.6,52.2,94.1
2023-05-13,67.7,150.8,0.922,48.6,,62.9,33.4,41.1,115.2
2023-05-14,68.5,104.1,1.404,23.7,12.1,41.5,37.3,47.2,98.1
2023-05-15,73.4,80.2,1.209,27.8,,75.1,34.7,45.6,85.4
2023-05-16,80.3,128.0,1.413,50.0,21.2,72.7,36.6,37.0,143.2
2023-05-17,86.9,155.2,1.94,66.2,30.8,79.1,40.0,45.4,167.7
2023-05-18,,84.3,1.009,39.1,13.2,38.7,37.9,45.3,85.0
2023-05-19,106.2,130.3,1.569,58.6,16.4,62.8,35.1,45.4,134.1
2023-05-20,54.2,101.7,1.345,20.2,20.5,67.5,33.3,47.6,103.7
2023-05-21,81.1,98.4,1.723,55.9,15.1,45.1,27.2,48.3,107.8
2023-05-22,79.9,91.7,1.587,45.1,18.4,39.3,34.4,43.5,105.2
2023-05-23,53.5,86.3,0.787,56.0,12.4,87.3,33.9,60.8,98.4
2023-05-24,78.4,106.2,1.641,53.8,14.9,58.5,36.1,36.7,121.2
2023-05-25,75.8,106.3,1.589,52.9,15.3,67.8,34.5,41.5,99.2
2023-05-26,,123.0,1.637,56.3,19.1,37.2,34.0,76.8,126.8
2023-05-27,69.2,62.8,1.752,63.7,20.2,29.7,29.6,38.9,118.7
2023-05-28,62.6,112.5,1.972,51.9,15.8,42.9,32.2,36.0,114.0
2023-05-29,48.2,90.5,1.475,37.7,5.4,52.7,36.4,57.2,97.3
2023-05-30,56.9,94.7,1.342,69.5,13.7,33.4,40.1,29.4,105.6
2023-05-31,71.1,119.2,1.98,66.2,24.8,52.9,34.7,48.1,138.9
2023-06-01,58.3,103.7,1.202,45.5,13.0,21.4,36.0,72.2,96.5
2023-06-02,28.0,67.8,0.722,8.5,7.7,34.6,37.9,35.6,59.6
2023-06-03,54.2,66.2,0.932,19.1,,69.1,32.6,31.5,86.5
2023-06-04,46.1,98.6,1.702,44.6,11.9,66.9,36.1,36.7,102.8
2023-06-05,28.7,23.5,0.262,18.7,2.0,50.0,32.7,61.0,42.3
2023-06-06,66.9,67.1,1.631,,13.8,34.8,37.5,63.5,97.6
2023-06-07,,51.3,0.959,28.7,7.7,36.1,35.4,47.5,67.4
2023-06-08,62.7,101.4,0.759,58.4,9.9,47.6,35.8,59.8,98.3
2023-06-09,51.2,72.7,0.889,34.3,8.9,69.6,32.5,67.2,64.9
2023-06-10,11.2,42.7,0.1,5.0,8.3,76.6,37.0,71.4,38.9
2023-06-11,42.7,49.9,0.707,16.0,6.5,47.9,41.1,51.4,43.3
2023-06-12,55.3,84.4,1.288,24.4,14.3,32.7,31.8,31.2,85.2
2023-06-13,47.2,,0.908,31.5,22.6,60.8,33.7,46.4,90.5
2023-06-14,36.3,61.7,0.774,19.6,7.5,40.5,35.4,50.6,61.4
2023-06-15,65.6,102.0,1.786,34.3,16.4,44.6,37.0,52.6,100.0
2023-06-16,,49.5,0.358,5.0,3.8,84.4,33.0,53.7,42.5
2023-06-17,54.8,91.9,0.671,31.4,8.1,72.4,26.1,67.1,82.3
2023-06-18,23.0,59.0,1.089,14.8,5.1,60.5,38.6,69.0,53.7
2023-06-19,42.3,66.2,1.401,5.0,7.8,31.2,36.8,54.9,67.7
2023-06-20,37.0,92.7,1.023,58.7,14.6,60.0,29.2,67.9,85.2
2023-06-21,36.4,55.8,1.053,38.1,21.1,78.1,32.5,60.8,62.5
2023-06-22,35.6,53.7,1.295,25.2,7.6,48.8,39.0,58.2,74.4
2023-06-23,58.1,95.8,1.087,43.9,14.3,81.6,38.6,67.0,109.2
2023-06-24,54.1,51.4,0.689,13.8,10.1,82.4,37.0,59.0,69.6
2023-06-25,73.8,84.3,1.628,62.3,17.7,88.0,33.6,79.2,104.9
2023-06-26,39.5,48.0,1.175,45.1,9.7,63.3,34.3,44.6,55.8
2023-06-27,47.4,75.6,1.336,40.8,21.0,66.9,33.6,54.2,97.2
2023-06-28,68.9,103.4,1.177,60.3,5.9,82.3,37.3,58.4,120.0
2023-06-29,25.5,10.0,0.863,11.0,2.0,67.8,31.2,64.4,22.2
2023-06-30,39.9,60.9,0.61,9.6,7.1,46.8,31.3,73.0,64.1
2023-07-01,82.2,88.6,1.081,34.4,20.3,46.1,36.7,60.4,98.4
2023-07-02,51.3,58.8,1.05,33.2,4.0,60.8,33.4,46.8,78.9
2023-07-03,57.9,93.8,1.586,31.9,2.0,29.5,37.6,69.8,93.3
2023-07-04,38.2,76.1,1.083,24.9,13.2,53.7,31.3,69.3,68.9
2023-07-05,53.0,53.4,1.158,33.4,14.1,77.6,33.1,42.6,86.2
2023-07-06,46.5,60.7,1.1,31.1,6.6,12.2,30.4,62.4,80.1
2023-07-07,,90.3,1.371,45.9,12.1,85.0,33.1,46.8,113.2
2023-07-08,63.8,67.2,1.252,23.4,8.7,77.9,28.5,56.4,90.4
2023-07-09,47.6,95.6,0.35,28.4,14.4,46.2,31.4,54.4,92.4
2023-07-10,30.9,63.4,0.795,14.1,7.9,67.2,28.4,71.9,73.7
2023-07-11,24.7,60.7,0.934,40.5,13.2,56.5,34.7,65.3,71.8
2023-07-12,49.0,35.8,0.533,5.0,2.0,80.9,34.7,51.6,73.2
2023-07-13,45.3,94.0,1.242,51.4,9.8,75.0,27.2,73.6,93.9
2023-07-14,22.6,47.5,0.82,46.0,5.4,28.3,36.3,50.8,73.5
2023-07-15,58.6,83.0,1.622,32.9,12.4,67.2,39.7,68.7,91.2
2023-07-16,106.5,126.5,2.103,23.1,17.7,49.1,32.2,57.6,135.9
2023-07-17,63.4,115.6,1.13,,19.9,56.4,30.0,62.4,105.8
2023-07-18,53.9,48.6,0.865,29.6,2.1,41.6,40.3,71.5,75.8
2023-07-19,69.2,57.3,1.346,33.5,17.3,89.3,27.7,72.0,114.0
2023-07-20,43.3,,0.75,23.3,13.9,77.1,31.6,80.4,73.8
2023-07-21,29.0,56.7,0.455,31.6,14.2,43.6,32.0,66.6,33.0
2023-07-22,32.4,,0.478,31.5,6.4,30.4,35.3,70.8,58.8
2023-07-23,25.0,36.7,0.108,5.0,7.2,50.4,32.2,63.7,37.2
2023-07-24,48.3,60.3,1.089,10.9,2.3,64.9,29.5,70.2,75.2
2023-07-25,44.0,88.1,1.202,29.9,2.0,60.6,28.0,73.1,84.5
2023-07-26,85.5,98.7,1.27,47.8,23.1,78.8,29.7,68.0,125.9
2023-07-27,53.6,90.1,1.375,42.8,13.8,71.2,27.6,51.2,92.2
2023-07-28,39.6,78.3,0.753,25.0,17.7,75.5,30.6,72.9,78.5
2023-07-29,68.2,110.2,1.333,48.0,8.8,61.3,28.6,73.5,104.7
2023-07-30,8.2,67.2,0.591,34.7,6.9,30.8,25.7,63.4,28.7
2023-07-31,54.2,86.8,1.069,45.7,22.8,51.6,33.8,57.6,89.9
2023-08-01,61.9,85.3,1.376,40.7,17.6,76.0,28.4,85.5,103.3
2023-08-02,39.1,41.9,0.409,16.6,8.4,56.6,25.9,76.0,47.0
2023-08-03,72.3,74.8,1.292,40.8,16.9,64.4,29.1,69.0,112.6
2023-08-04,55.2,72.8,1.048,51.2,6.0,49.0,29.6,60.2,92.5
2023-08-05,52.3,60.1,0.659,21.9,17.8,35.7,24.0,63.7,73.6
2023-08-06,73.8,82.0,1.145,40.5,11.9,52.5,30.1,85.2,99.8
2023-08-07,90.0,129.0,1.225,56.9,23.6,59.1,25.8,73.8,140.8
2023-08-08,53.2,67.4,0.915,29.4,5.5,42.5,33.9,67.2,88.5
2023-08-09,41.0,98.0,0.997,19.6,7.6,50.8,30.2,78.1,90.2
2023-08-10,32.9,65.3,0.793,32.9,18.1,37.6,27.3,65.1,72.5
2023-08-11,34.6,56.3,0.681,24.4,7.7,79.2,26.1,88.5,62.8
2023-08-12,56.8,89.4,1.239,47.9,23.0,48.9,27.8,87.3,104.8
2023-08-13,35.7,58.7,0.895,18.6,9.0,85.9,29.8,69.3,62.6
2023-08-14,52.0,89.6,1.292,49.0,3.7,86.3,27.7,67.9,85.8
2023-08-15,48.5,51.8,0.67,18.3,15.3,54.8,27.0,48.3,72.1
2023-08-16,56.9,76.5,0.791,58.9,,35.0,27.6,59.9,96.0
2023-08-17,60.3,78.6,0.795,16.0,17.3,13.7,25.5,61.5,92.3
2023-08-18,66.6,78.8,1.173,49.2,16.6,25.1,26.1,76.5,109.9
2023-08-19,23.0,51.8,0.749,34.2,3.0,29.0,20.7,72.1,71.2
2023-08-20,37.0,62.4,0.696,21.4,12.4,83.7,29.7,62.2,77.3
2023-08-21,34.3,66.7,0.326,28.9,19.9,59.3,27.5,73.0,59.5
2023-08-22,31.6,69.5,0.738,44.5,13.4,64.1,24.1,81.1,72.9
2023-08-23,62.1,87.0,1.176,10.8,13.7,10.9,32.0,81.5,93.4
2023-08-24,77.1,105.4,1.414,47.2,20.8,30.9,26.4,57.4,102.9
2023-08-25,48.8,52.8,0.564,5.0,10.2,74.7,22.8,75.3,60.9
2023-08-26,61.3,101.0,1.145,30.7,16.9,60.4,28.3,63.0,105.7
2023-08-27,85.6,104.6,1.137,66.7,12.2,51.2,26.8,86.0,117.9
2023-08-28,58.1,88.9,1.123,30.8,15.3,66.6,26.6,85.0,94.3
2023-08-29,75.2,109.1,1.317,38.3,24.8,86.2,24.0,68.4,130.9
2023-08-30,32.7,21.6,0.948,23.5,5.5,52.3,26.4,69.9,64.7
2023-08-31,28.7,45.6,0.1,46.0,15.1,58.7,24.1,73.1,52.9
2023-09-01,19.8,56.9,0.366,5.0,5.5,61.9,26.4,55.3,39.5
2023-09-02,74.5,,1.547,35.9,13.8,101.8,18.9,81.4,121.4
2023-09-03,,104.8,1.259,58.1,20.0,13.0,23.1,75.4,100.4
2023-09-04,49.6,92.9,1.799,55.3,11.0,69.5,29.4,88.0,82.6
2023-09-05,59.0,83.2,1.197,35.2,,53.2,21.8,67.4,91.0
2023-09-06,45.4,53.2,0.369,7.5,6.9,68.5,22.1,72.4,55.9
2023-09-07,96.6,121.4,1.713,83.2,21.5,39.6,22.4,63.6,145.1
2023-09-08,37.5,73.8,0.514,54.0,15.6,54.7,19.9,68.8,87.2
2023-09-09,26.5,87.3,1.017,42.8,14.5,69.9,16.7,67.1,86.7
2023-09-10,70.6,110.0,0.976,31.1,5.3,117.2,22.5,89.0,102.1
2023-09-11,43.9,84.3,1.427,37.8,,71.4,23.4,72.1,96.0
2023-09-12,51.5,73.9,0.91,33.9,18.1,38.6,22.7,80.5,89.6
2023-09-13,26.8,57.8,0.736,29.7,9.0,48.3,22.3,75.5,64.2
2023-09-14,,95.2,0.959,55.7,11.7,46.1,22.7,66.7,95.8
2023-09-15,84.0,96.3,2.094,63.0,12.9,17.5,25.4,77.8,131.1
2023-09-16,78.2,71.4,1.315,34.1,12.2,47.5,21.6,85.5,117.6
2023-09-17,68.5,103.2,2.036,66.0,8.5,68.5,20.3,67.5,123.8
2023-09-18,16.8,45.8,1.099,32.2,10.2,31.0,21.0,87.8,71.2
2023-09-19,30.1,45.7,0.856,31.9,5.9,78.0,23.4,71.2,59.3
2023-09-20,52.4,70.6,1.081,49.9,7.3,65.7,25.8,75.0,80.9
2023-09-21,36.4,70.1,1.143,20.8,12.5,41.0,19.5,85.2,85.4
2023-09-22,68.6,122.0,0.758,44.1,18.5,51.6,21.5,73.2,111.4
2023-09-23,24.9,42.4,0.417,10.3,16.7,89.9,22.1,80.3,41.7
2023-09-24,79.1,114.5,1.72,30.1,10.8,68.6,17.9,76.8,122.2
2023-09-25,49.2,81.4,0.946,36.2,17.8,56.2,20.8,81.3,80.0
2023-09-26,34.3,48.9,0.458,59.5,15.9,51.6,16.2,56.2,73.3
2023-09-27,47.2,,0.689,5.0,4.9,58.6,15.1,61.7,58.7
2023-09-28,24.0,37.2,1.023,16.7,7.4,47.6,21.4,86.2,42.6
2023-09-29,62.5,104.2,1.629,49.5,13.4,12.7,19.0,90.4,104.6
2023-09-30,42.2,61.2,1.011,35.8,13.8,96.6,20.6,70.9,85.8
2023-10-01,48.2,55.7,1.338,33.7,20.7,58.7,19.8,77.5,87.8
2023-10-02,43.7,91.1,0.942,19.5,16.2,63.6,16.8,82.9,87.6
2023-10-03,65.2,106.1,0.828,47.4,19.3,53.3,19.4,86.9,111.6
2023-10-04,114.2,132.0,1.663,55.6,22.1,37.2,15.7,59.6,161.7
2023-10-05,,89.1,1.831,19.1,9.6,50.6,23.4,71.0,113.5
2023-10-06,33.3,91.1,0.907,47.3,11.3,23.9,15.1,76.5,82.4
2023-10-07,83.0,84.6,1.293,57.0,23.1,99.8,18.4,86.8,113.9
2023-10-08,65.8,126.5,1.268,45.9,9.3,29.7,15.7,100.0,113.2
2023-10-09,24.9,33.8,1.202,23.8,2.6,36.7,20.4,77.4,52.6
2023-10-10,81.6,116.4,1.911,60.3,18.4,45.3,17.6,65.5,118.6
2023-10-11,62.5,97.9,2.036,48.4,12.2,80.1,16.9,83.5,114.2
2023-10-12,100.7,132.7,1.601,65.8,16.6,53.4,20.9,92.7,137.4
2023-10-13,106.5,141.4,2.083,62.9,22.8,27.0,18.3,80.4,166.2
2023-10-14,84.0,130.9,1.323,75.0,15.4,77.7,19.6,70.2,148.2
2023-10-15,89.5,102.6,1.802,49.2,12.1,69.0,15.0,88.8,113.3
2023-10-16,49.3,68.1,0.758,39.3,17.4,66.2,13.6,85.7,92.3
2023-10-17,118.0,177.0,2.277,58.5,21.1,65.1,18.0,68.7,184.3
2023-10-18,75.9,101.6,1.129,52.0,10.2,101.8,16.6,82.7,121.5
2023-10-19,85.2,104.9,1.268,,14.9,97.7,19.4,88.7,120.3
2023-10-20,87.3,92.5,1.182,40.1,21.6,40.3,17.1,90.4,119.4
2023-10-21,75.3,74.0,1.317,40.2,17.8,86.2,17.9,77.8,125.0
2023-10-22,62.3,101.9,1.235,33.8,15.1,61.8,12.3,74.8,116.4
2023-10-23,68.0,131.3,1.103,67.8,16.1,64.7,22.7,90.5,105.7
2023-10-24,57.0,107.5,1.526,58.5,7.2,20.8,16.4,66.0,106.3
2023-10-25,91.6,107.0,1.099,70.7,20.4,50.6,18.9,82.3,119.2
2023-10-26,65.2,91.8,1.343,27.9,17.9,38.4,14.2,64.1,106.4
2023-10-27,57.7,92.3,1.592,41.7,13.3,71.5,17.6,88.3,102.2
2023-10-28,75.4,,1.318,33.5,23.4,75.3,12.6,74.9,122.7
2023-10-29,54.7,84.6,1.148,37.1,11.4,12.8,17.8,89.9,113.6
2023-10-30,84.8,158.6,1.822,52.0,29.3,51.7,15.3,82.0,157.6
2023-10-31,44.2,,0.999,36.4,8.8,79.8,16.4,64.7,53.7
2023-11-01,139.4,229.7,2.978,92.6,34.8,44.1,18.3,91.0,243.3
2023-11-02,137.8,229.0,2.806,111.7,37.0,62.2,12.4,92.0,247.2
2023-11-03,103.9,148.0,2.115,72.9,24.1,58.8,14.0,85.2,164.2
2023-11-04,136.3,196.8,2.159,110.6,37.2,56.5,17.3,68.5,207.4
2023-11-05,131.2,194.9,2.685,64.9,25.6,44.2,22.2,72.9,206.7
2023-11-06,118.4,157.4,2.292,87.4,23.3,26.6,15.4,77.2,180.8
2023-11-07,110.4,168.3,2.266,92.4,34.7,27.7,17.5,68.5,196.6
2023-11-08,98.7,170.9,2.007,63.6,,64.8,15.4,92.2,188.2
2023-11-09,170.9,257.1,2.852,116.0,43.5,47.4,21.5,76.5,259.8
2023-11-10,140.4,196.9,3.033,99.8,44.4,45.3,10.3,47.8,239.4
2023-11-11,146.2,201.0,3.342,96.4,35.2,39.1,15.8,78.0,247.8
2023-11-12,153.7,213.1,2.617,83.7,38.5,42.2,10.6,70.9,234.0
2023-11-13,118.2,169.8,2.391,66.5,22.4,71.5,7.9,73.4,187.8
2023-11-14,126.3,185.2,1.809,105.8,34.2,43.2,16.3,70.2,202.9
2023-11-15,158.6,209.1,2.563,91.3,35.2,21.8,15.7,81.7,228.2
2023-11-16,104.8,163.6,2.216,,30.2,65.6,14.4,84.6,185.4
2023-11-17,149.6,232.8,2.533,84.0,31.8,44.2,14.9,75.9,233.8
2023-11-18,126.6,165.0,2.239,74.6,23.2,50.1,24.5,69.4,210.0
2023-11-19,126.7,173.5,2.279,95.6,33.5,81.8,14.4,72.2,206.6
2023-11-20,155.5,208.8,2.893,77.3,24.7,47.9,16.7,72.5,233.8
2023-11-21,141.3,179.7,2.669,,32.5,54.4,13.2,64.0,227.1
2023-11-22,129.6,183.6,1.812,83.2,35.8,26.1,16.0,77.5,207.0
2023-11-23,157.7,245.4,2.304,99.3,37.7,43.4,14.4,76.1,245.0
2023-11-24,109.7,170.4,2.086,73.4,38.1,62.7,13.8,86.6,189.0
2023-11-25,130.4,211.7,2.914,97.3,39.8,17.3,20.5,83.5,231.4
2023-11-26,128.0,188.8,1.946,100.6,31.4,52.5,18.6,63.8,230.8
2023-11-27,105.3,178.2,2.349,92.1,31.4,51.6,15.4,78.5,208.3
2023-11-28,155.1,196.1,2.532,77.8,33.4,49.6,8.1,60.5,224.2
2023-11-29,99.8,161.5,2.633,70.5,19.8,71.5,13.9,76.7,184.7
2023-11-30,141.2,234.4,2.754,110.0,31.2,54.7,23.1,64.3,239.1
2023-12-01,124.1,198.6,2.651,,28.9,79.0,14.3,58.9,211.4
2023-12-02,124.8,166.0,2.478,64.7,20.3,30.0,18.3,71.6,202.9
2023-12-03,153.5,221.7,2.268,101.1,36.6,50.6,19.3,41.8,242.2
2023-12-04,127.6,186.0,2.611,55.6,28.5,51.8,15.7,50.7,198.4
2023-12-05,102.6,179.8,2.234,72.9,18.8,29.6,12.5,66.1,180.8
2023-12-06,104.6,183.1,2.277,93.6,28.6,70.3,7.8,68.4,177.1
2023-12-07,141.5,192.8,3.952,81.1,38.3,94.9,17.1,63.5,231.2
2023-12-08,107.9,153.4,1.583,63.6,28.7,50.5,12.7,51.1,184.0
2023-12-09,172.0,215.0,3.636,113.1,37.4,57.1,15.7,58.4,259.9
2023-12-10,103.3,144.0,1.881,47.1,27.5,53.5,11.4,70.2,164.0
2023-12-11,162.4,239.6,3.187,95.8,42.2,32.8,14.4,71.8,258.4
2023-12-12,139.4,214.0,2.642,95.7,34.7,12.5,15.3,65.4,221.3
2023-12-13,139.9,191.1,2.436,77.8,27.9,35.2,16.1,76.8,213.6
2023-12-14,123.2,177.3,2.258,78.1,31.7,22.0,12.0,68.9,202.4
2023-12-15,122.6,205.7,2.811,99.3,39.9,82.8,18.9,57.1,226.0
2023-12-16,133.0,181.0,2.126,91.1,29.3,46.9,13.6,61.5,215.1
2023-12-17,139.6,250.6,3.148,100.6,47.0,40.9,10.4,49.9,243.6
2023-12-18,126.0,172.9,2.501,83.5,30.2,66.8,15.2,62.5,218.9
2023-12-19,137.7,,2.298,92.3,33.1,26.6,15.6,74.4,219.8
2023-12-20,136.5,216.6,2.348,81.3,27.7,34.3,16.1,69.8,206.9
2023-12-21,129.0,193.2,2.952,91.3,33.3,50.6,19.7,76.6,214.6
2023-12-22,137.3,,2.524,83.5,24.8,69.4,15.0,59.2,223.7
2023-12-23,121.0,150.6,2.186,67.1,23.3,61.4,15.4,75.4,173.2
2023-12-24,111.8,161.4,1.968,61.0,21.9,55.9,12.5,59.6,182.3
2023-12-25,166.8,231.7,3.042,93.4,35.9,49.8,18.4,75.9,234.6
2023-12-26,137.8,165.1,2.849,78.4,,57.0,16.6,60.6,220.3
2023-12-27,109.2,213.3,3.091,71.2,34.9,53.5,14.8,67.6,211.4
2023-12-28,137.4,173.5,2.545,89.7,20.6,28.6,10.4,74.9,216.5
2023-12-29,138.6,198.2,2.897,92.4,43.9,49.7,20.6,57.9,224.7
2023-12-30,134.4,175.8,2.459,90.4,31.9,28.4,12.6,61.7,202.5
2023-12-31,124.7,185.7,2.747,73.4,25.6,51.8,14.6,72.0,196.5
